{"cameraMode":{"drawMode":0,"name":"Shaded","section":"Shading Mode"},"sceneLighting":false,"audioPlay":false,"sceneViewState":{"m_AlwaysRefresh":false,"showFog":true,"showSkybox":false,"showFlares":true,"showImageEffects":true,"showParticleSystems":true,"showVisualEffectGraphs":true,"m_FxEnabled":true},"in2DMode":false,"pivot":{"x":2.9802322387695315e-8,"y":0.07499999552965164,"z":-8.940696716308594e-8},"rotation":{"x":0.26471787691116335,"y":0.7139433026313782,"z":-0.3438210189342499,"w":0.5496571660041809},"size":0.5356072187423706,"orthographic":false}