{"cameraMode":{"drawMode":0,"name":"Shaded","section":"Shading Mode"},"sceneLighting":false,"audioPlay":false,"sceneViewState":{"m_AlwaysRefresh":false,"showFog":true,"showSkybox":false,"showFlares":true,"showImageEffects":true,"showParticleSystems":true,"showVisualEffectGraphs":true,"m_FxEnabled":true},"in2DMode":false,"pivot":{"x":-0.28639817237854006,"y":0.008478343486785889,"z":0.5943129658699036},"rotation":{"x":-0.08449694514274597,"y":0.5914434790611267,"z":-0.06253360211849213,"w":-0.7995111346244812},"size":0.38493579626083376,"orthographic":false}