{"cameraMode":{"drawMode":0,"name":"Shaded","section":"Shading Mode"},"sceneLighting":false,"audioPlay":false,"sceneViewState":{"m_AlwaysRefresh":false,"showFog":true,"showSkybox":false,"showFlares":true,"showImageEffects":true,"showParticleSystems":true,"showVisualEffectGraphs":true,"m_FxEnabled":true},"in2DMode":false,"pivot":{"x":-0.1619761884212494,"y":0.4794671833515167,"z":0.030736416578292848},"rotation":{"x":0.26471787691116335,"y":0.7139433026313782,"z":-0.3438210189342499,"w":0.5496571660041809},"size":0.44925251603126528,"orthographic":false}