{"cameraMode":{"drawMode":0,"name":"Shaded","section":"Shading Mode"},"sceneLighting":false,"audioPlay":false,"sceneViewState":{"m_AlwaysRefresh":false,"showFog":true,"showSkybox":false,"showFlares":true,"showImageEffects":true,"showParticleSystems":true,"showVisualEffectGraphs":true,"m_FxEnabled":true},"in2DMode":false,"pivot":{"x":-4.553821086883545,"y":0.4660007357597351,"z":-1.7289048433303834},"rotation":{"x":0.0026982075069099666,"y":0.9907252192497253,"z":-0.019626451656222345,"w":0.13520470261573792},"size":1.4801197052001954,"orthographic":false}