{"cameraMode":{"drawMode":0,"name":"Shaded","section":"Shading Mode"},"sceneLighting":false,"audioPlay":false,"sceneViewState":{"m_AlwaysRefresh":false,"showFog":true,"showSkybox":false,"showFlares":true,"showImageEffects":true,"showParticleSystems":true,"showVisualEffectGraphs":true,"m_FxEnabled":true},"in2DMode":false,"pivot":{"x":0.002473060041666031,"y":-0.03695005178451538,"z":-0.0856175422668457},"rotation":{"x":0.05137183889746666,"y":0.9437273740768433,"z":-0.2752888798713684,"w":0.17644630372524262},"size":28.095230102539064,"orthographic":false}